Barcode,FirstName,LastName,MedicalDegree
123456789012,John,Doe,MD
987654321098,Jane,Smith,PhD
135792468012,Emily,Johnson,MD
246801357924,Michael,Brown,MD
112233445566,Alice,White,MD
223344556677,David,Clark,PhD
334455667788,Mary,Davis,MD
445566778899,Robert,Miller,MD
556677889900,Linda,Wilson,PhD
667788990011,James,Moore,MD
778899001122,Patricia,Taylor,MD
889900112233,Christopher,Anderson,PhD
990011223344,Jessica,Thomas,MD
101112131415,Paul,Jackson,MD
121314151617,Jennifer,White,PhD
131415161718,Matthew,Harris,MD
141516171819,Daniel,Martinez,MD
151617181920,Susan,Robinson,PhD
161718192021,Andrew,Clark,MD
171819202122,Mark,Lewis,MD
181920212223,Elizabeth,Walker,PhD
192021222324,Anthony,Hall,MD
202122232425,Barbara,Allen,MD
212223242526,Kevin,Young,PhD
222324252627,Laura,King,MD
232425262728,Joshua,Wright,MD
242526272829,Megan,Scott,PhD
252627282930,Justin,Torres,MD
262728293031,Sarah,Nguyen,MD
272829303132,Jason,Evans,PhD
282930313233,Nicole,Turner,MD
292930313334,Angela,Phillips,MD
302930313335,Charles,Campbell,PhD
312930313336,Sandra,Parker,MD
322930313337,Timothy,Collins,MD
332930313338,Amy,Edwards,PhD
342930313339,Nicholas,Stewart,MD
352930313340,Margaret,Morris,MD
362930313341,Brandon,Cox,PhD
372930313342,Ashley,Reed,MD
382930313343,Stephen,Cook,MD
392930313344,Rachel,Mitchell,PhD
402930313345,Eric,Murphy,MD
412930313346,Melissa,Rogers,MD
422930313347,Kenneth,Peterson,PhD
432930313348,Emily,Ortiz,MD
442930313349,Jonathan,Shaw,MD
452930313350,Kimberly,Chavez,PhD
462930313351,Stephen,Gonzalez,MD
472930313352,Margaret,Reed,MD
482930313353,Alexander,Bailey,PhD
492930313354,Michelle,Bell,MD
502930313355,Anthony,Cruz,MD
512930313356,Deborah,Hughes,PhD
522930313357,Ryan,Foster,MD
532930313358,Amanda,Jones,MD
542930313359,Larry,Ross,PhD
552930313360,Lisa,Myers,MD
562930313361,Brian,Long,MD
572930313362,Laura,Perry,PhD
582930313363,Edward,Barnes,MD
592930313364,Rebecca,Jenkins,MD
602930313365,Richard,Alexander,PhD
612930313366,Jessica,Bennett,MD
622930313367,Donald,Flores,MD
632930313368,Sharon,Patterson,PhD
642930313369,Christopher,Gray,MD
652930313370,Brenda,Ramirez,MD
662930313371,Paul,Brooks,PhD
672930313372,Amanda,Hall,MD
682930313373,Patrick,Diaz,MD
692930313374,Karen,Richardson,PhD
702930313375,Jason,Richardson,MD
712930313376,Deborah,Lewis,MD
722930313377,Thomas,James,PhD
732930313378,Linda,Robinson,MD
742930313379,Daniel,Hughes,MD
752930313380,Nancy,Wood,PhD
762930313381,Sarah,Lewis,MD
772930313382,George,Thompson,MD
782930313383,Kimberly,Young,PhD
792930313384,Michael,Walker,MD
802930313385,Lisa,Martinez,MD
812930313386,Jeffrey,Hall,PhD
822930313387,Donna,Lopez,MD
832930313388,Steven,Hill,MD
842930313389,Susan,Adams,PhD
852930313390,Linda,Thompson,MD
862930313391,Frank,Allen,MD
872930313392,Michelle,Lee,PhD
882930313393,Edward,King,MD
892930313394,Barbara,Scott,MD
902930313395,Paul,Baker,PhD
912930313396,Steven,Evans,MD
922930313397,Jessica,Martinez,MD
932930313398,Mary,White,PhD
942930313399,William,Rodriguez,MD
952930313400,Christopher,Lewis,MD
962930313401,Brenda,Clark,PhD
972930313402,Larry,Young,MD
982930313403,Karen,Adams,MD
992930313404,Steven,King,PhD
1002930313405,Angela,Thomas,MD
123456789012,John,Doe,MD
234567890123,Jane,Smith,PhD
